{
    "notes": [
    ],
    "questions": {
        "stakeholder": "1) Stakeholders: \n Who do you think can help you address the harm? Who do you think has responsibility for helping you address the harm? ",
        "feeling": "2) Feelings: \n How do you want to feel? (e.g., I want to feel safe)",
        "action": "3) Desired outcomes: \n What are some desired outcome for addressing the harm (e.g., I hope the offender can be banned)?"
    },
    "prompts": {
        "offender": [
            "Seek information on offenders’ motives for conducting harm",
            "Acknowledge wrong-doing and issue apology"
        ],
        "family and friends": [
            "Seek advice on how to address the harm",
            "Emotional support"
        ],
        "online platform": [
            "Seek advice on how to address the harm",
            "Show stance against harm",
            "Content moderation",
            "Improve design and moderation"
        ],
        "online community members": [
            "Emotional support",
            "Show stance against harm",
            "Report or call out offenders",
            "Raise public awareness"
        ]
    },
    "discarded" : {
        "prompts": {
            "stakeholders": [
                "offender",
                "online platform",
                "online community member",
                "family and friends",
                "school"
            ],
            "outcomes": [
                "Acknowledge wrong-doing and issue apology",
                "Seek information on offenders’ motives for conducting harm",
                "Seek advice on how to address the harm",
                "Emotional support",
                "Show stance against harm",
                "Ban offender",
                "Remove offensive content",
                "Give warning to offenders",
                "Report or call out offenders",
                "In-school repercussion",
                "Improve design and moderation",
                "Raise public awareness",
                "I need to make sense of what has happened",
                "I need emotional support",
                "I hope to do justice to the offenders",
                "I hope to be safe",
                "I hope to transform the online environment"
            ]
        },
        "notes": [
            {
                "type": "stakeholder_category",
                "content": "offender",
                "index": 0
            },
            {
                "type": "stakeholder_individual",
                "content": "Bob",
                "index": 0
            },
            {
                "type": "stakeholder_category",
                "content": "online platform",
                "index": 1
            },
            {
                "type": "stakeholder_category",
                "content": "online community member",
                "index": 2
            },
            {
                "type": "stakeholder_category",
                "content": "family and friends",
                "index": 3
            },
            {
                "type": "stakeholder_individual",
                "content": "Emily",
                "index": 1
            },
            {
                "type": "stakeholder_category",
                "content": "school",
                "index": 4
            },
            {
                "type": "need",
                "content": "I need to make sense of what has happened",
                "index": 0
            },
            {
                "type": "need",
                "content": "I need emotional support and validation",
                "index": 1
            },
            {
                "type": "need",
                "content": "I hope to do justice to the offenders",
                "index": 2
            },
            {
                "type": "need",
                "content": "I hope to be safe",
                "index": 3
            },
            {
                "type": "need",
                "content": "I hope to transform the online environment",
                "index": 4
            }
        ],
        "I need to make sense of what has happened": {
            "offender": ["Seek information on offenders’ motives for conducting harm"],
            "family and friends": ["Seek advice on how to address the harm"],
            "online platform": ["Seek advice on how to address the harm"],
            "school": ["Seek advice on how to address the harm"]
        },
        "I need emotional support and validation": {
            "offender": ["Acknowledge wrong-doing and issue apology"],
            "family and friends": ["Emotional support"],
            "online platform": ["Show stance against harm"],
            "online community members": ["Emotional support","Show stance against harm"]
        },
        "I hope to do justice to the offenders": {
            "online platform": ["Content moderation"],
            "online community members": ["Report or call out offenders"],
            "school": ["In-school repercussion"]
        },
        "I hope to be safe": {
            "offender": ["Acknowledge wrong-doing and issue apology"],
            "online platform": ["Content moderation"],
            "online community members": ["Acknowledge wrong-doing and issue apology","Show stance against harm"],
            "school": ["In-school repercussion"]
        },
        "I hope to transform the online environment": {
            "online platform": ["Improve design and moderation"],
            "online community members": ["Raise public awareness"],
            "school": ["Raise public awareness"]
        }
    }
}